


CREATE DATABASE  IF NOT EXISTS `exameneerstezit` /*!40100 DEFAULT CHARACTER SET utf8mb4 COLLATE utf8mb4_0900_ai_ci */ /*!80016 DEFAULT ENCRYPTION='N' */;
USE `exameneerstezit`;
-- MySQL dump 10.13  Distrib 8.0.33, for Linux (x86_64)
--
-- Host: programming-emu.com    Database: exameneerstezit
-- ------------------------------------------------------
-- Server version	8.0.28

/*!40101 SET @OLD_CHARACTER_SET_CLIENT=@@CHARACTER_SET_CLIENT */;
/*!40101 SET @OLD_CHARACTER_SET_RESULTS=@@CHARACTER_SET_RESULTS */;
/*!40101 SET @OLD_COLLATION_CONNECTION=@@COLLATION_CONNECTION */;
/*!50503 SET NAMES utf8 */;
/*!40103 SET @OLD_TIME_ZONE=@@TIME_ZONE */;
/*!40103 SET TIME_ZONE='+00:00' */;
/*!40014 SET @OLD_UNIQUE_CHECKS=@@UNIQUE_CHECKS, UNIQUE_CHECKS=0 */;
/*!40014 SET @OLD_FOREIGN_KEY_CHECKS=@@FOREIGN_KEY_CHECKS, FOREIGN_KEY_CHECKS=0 */;
/*!40101 SET @OLD_SQL_MODE=@@SQL_MODE, SQL_MODE='NO_AUTO_VALUE_ON_ZERO' */;
/*!40111 SET @OLD_SQL_NOTES=@@SQL_NOTES, SQL_NOTES=0 */;

--
-- Table structure for table `Betalingen`
--

DROP TABLE IF EXISTS `Betalingen`;
/*!40101 SET @saved_cs_client     = @@character_set_client */;
/*!50503 SET character_set_client = utf8mb4 */;
CREATE TABLE `Betalingen` (
  `Id` int NOT NULL AUTO_INCREMENT,
  `Verhuringen_Id` int DEFAULT NULL,
  `Opmerkingen` varchar(500) DEFAULT NULL,
  PRIMARY KEY (`Id`),
  KEY `fk_Betalingen_Verhuringen1_idx` (`Verhuringen_Id`),
  CONSTRAINT `fk_Betalingen_Verhuringen` FOREIGN KEY (`Verhuringen_Id`) REFERENCES `Verhuringen` (`Id`)
) ENGINE=InnoDB AUTO_INCREMENT=2 DEFAULT CHARSET=utf8mb4 COLLATE=utf8mb4_0900_ai_ci;
/*!40101 SET character_set_client = @saved_cs_client */;

--
-- Dumping data for table `Betalingen`
--

LOCK TABLES `Betalingen` WRITE;
/*!40000 ALTER TABLE `Betalingen` DISABLE KEYS */;
INSERT INTO `Betalingen` VALUES (1,1,'betaald bij afhaling film');
/*!40000 ALTER TABLE `Betalingen` ENABLE KEYS */;
UNLOCK TABLES;

--
-- Table structure for table `Categorieen`
--

DROP TABLE IF EXISTS `Categorieen`;
/*!40101 SET @saved_cs_client     = @@character_set_client */;
/*!50503 SET character_set_client = utf8mb4 */;
CREATE TABLE `Categorieen` (
  `Id` int NOT NULL AUTO_INCREMENT,
  `Naam` varchar(45) NOT NULL,
  PRIMARY KEY (`Id`)
) ENGINE=InnoDB AUTO_INCREMENT=344 DEFAULT CHARSET=utf8mb4 COLLATE=utf8mb4_0900_ai_ci;
/*!40101 SET character_set_client = @saved_cs_client */;

--
-- Dumping data for table `Categorieen`
--

LOCK TABLES `Categorieen` WRITE;
/*!40000 ALTER TABLE `Categorieen` DISABLE KEYS */;
INSERT INTO `Categorieen` VALUES (1,'Absurdism'),(2,'Acid western'),(3,'Action'),(4,'Action Comedy'),(5,'Action Thrillers'),(6,'Action/Adventure'),(7,'Addiction Drama'),(8,'Adult'),(9,'Adventure'),(10,'Adventure Comedy'),(11,'Airplanes and airports'),(12,'Albino bias'),(13,'Alien Film'),(14,'Alien invasion'),(15,'Americana'),(16,'Animal Picture'),(17,'Animals'),(18,'Animated cartoon'),(19,'Animated Musical'),(20,'Animation'),(21,'Anime'),(22,'Anthology'),(23,'Anthropology'),(24,'Anti-war'),(25,'Apocalyptic and post-apocalyptic fiction'),(26,'Archaeology'),(27,'Archives and records'),(28,'Art'),(29,'Auto racing'),(30,'Avant-garde'),(31,'B-movie'),(32,'B-Western'),(33,'Backstage Musical'),(34,'Baseball'),(35,'Beach Film'),(36,'Beach Party'),(37,'Bengali Cinema'),(38,'Biker Film'),(39,'Biographical'),(40,'Biography'),(41,'Biopic'),(42,'Black comedy'),(43,'Black-and-white'),(44,'Blaxploitation'),(45,'Bloopers & Candid Camera'),(46,'Bollywood'),(47,'Boxing'),(48,'Breakdance'),(49,'British Empire Film'),(50,'British New Wave'),(51,'Bruceploitation'),(52,'Buddy cop'),(53,'Business'),(54,'C-Movie'),(55,'Camp'),(56,'Caper story'),(57,'Cavalry Film'),(58,'Chase Movie'),(59,'Chick flick'),(60,'Childhood Drama'),(61,'Chinese Movies'),(62,'Christmas movie'),(63,'Clay animation'),(64,'Cold War'),(65,'Combat Films'),(66,'Comdedy'),(67,'Comedy'),(68,'Comedy-drama'),(69,'Coming of age'),(70,'Computer Animation'),(71,'Computers'),(72,'Concert film'),(73,'Conspiracy fiction'),(74,'Costume Adventure'),(75,'Costume drama'),(76,'Costume Horror'),(77,'Courtroom Comedy'),(78,'Courtroom Drama'),(79,'Creature Film'),(80,'Crime'),(81,'Crime Comedy'),(82,'Crime Drama'),(83,'Crime Fiction'),(84,'Crime Thriller'),(85,'Cult'),(86,'Culture & Society'),(87,'Cyberpunk'),(88,'Czechoslovak New Wave'),(89,'Dance'),(90,'Demonic child'),(91,'Detective'),(92,'Detective fiction'),(93,'Disaster'),(94,'Docudrama'),(95,'Documentary'),(96,'Dogme'),(97,'Domestic Comedy'),(98,'Doomsday film'),(99,'Drama'),(100,'Dystopia'),(101,'Ealing Comedies'),(102,'Early Black Cinema'),(103,'Education'),(104,'Educational'),(105,'Ensemble Film'),(106,'Environmental Science'),(107,'Epic'),(108,'Epic Western'),(109,'Erotic Drama'),(110,'Erotic thriller'),(111,'Erotica'),(112,'Escape Film'),(113,'Essay Film'),(114,'Existentialism'),(115,'Experimental film'),(116,'Exploitation'),(117,'Expressionism'),(118,'Extreme Sports'),(119,'Fairy tale'),(120,'Family & Personal Relationships'),(121,'Family Drama'),(122,'Family Film'),(123,'Family-Oriented Adventure'),(124,'Fan film'),(125,'Fantasy'),(126,'Fantasy Adventure'),(127,'Fantasy Comedy'),(128,'Fantasy Drama'),(129,'Feature film'),(130,'Female buddy film'),(131,'Feminist Film'),(132,'Fictional film'),(133,'Filipino'),(134,'Filipino Movies'),(135,'Film  clef'),(136,'Film & Television History'),(137,'Film'),(138,'Film adaptation'),(139,'Film noir'),(140,'Film-Opera'),(141,'Filmed Play'),(142,'Finance & Investing'),(143,'Foreign legion'),(144,'Future noir'),(145,'Gangster Film'),(146,'Gay'),(147,'Gay Interest'),(148,'Gay pornography'),(149,'Gay Themed'),(150,'Gender Issues'),(151,'Giallo'),(152,'Glamorized Spy Film'),(153,'Goat gland'),(154,'Gothic Film'),(155,'Graphic & Applied Arts'),(156,'Gross out'),(157,'Gross-out film'),(158,'Gulf War'),(159,'Hagiography'),(160,'Hardcore pornography'),(161,'Haunted House Film'),(162,'Health & Fitness'),(163,'Heaven-Can-Wait Fantasies'),(164,'Heavenly Comedy'),(165,'Heist'),(166,'Hip hop movies'),(167,'Historical Documentaries'),(168,'Historical drama'),(169,'Historical Epic'),(170,'Historical fiction'),(171,'History'),(172,'Holiday Film'),(173,'Homoeroticism'),(174,'Horror'),(175,'Horror Comedy'),(176,'Horse racing'),(177,'Humour'),(178,'Hybrid Western'),(179,'Illnesses & Disabilities'),(180,'Indian Western'),(181,'Indie'),(182,'Inspirational Drama'),(183,'Instrumental Music'),(184,'Interpersonal Relationships'),(185,'Inventions & Innovations'),(186,'Japanese Movies'),(187,'Journalism'),(188,'Jukebox musical'),(189,'Jungle Film'),(190,'Juvenile Delinquency Film'),(191,'Kafkaesque'),(192,'Kitchen sink realism'),(193,'Language & Literature'),(194,'Latino'),(195,'Law & Crime'),(196,'Legal drama'),(197,'LGBT'),(198,'Libraries and librarians'),(199,'Linguistics'),(200,'Live action'),(201,'Malayalam Cinema'),(202,'Marriage Drama'),(203,'Martial Arts Film'),(204,'Master Criminal Films'),(205,'Media Satire'),(206,'Media Studies'),(207,'Medical fiction'),(208,'Melodrama'),(209,'Mockumentary'),(210,'Mondo film'),(211,'Monster'),(212,'Monster movie'),(213,'Movie serial'),(214,'Movies About Gladiators'),(215,'Mumblecore'),(216,'Music'),(217,'Musical'),(218,'Musical comedy'),(219,'Musical Drama'),(220,'Mystery'),(221,'Mythological Fantasy'),(222,'Natural disaster'),(223,'Natural horror films'),(224,'Nature'),(225,'Neo-noir'),(226,'Neorealism'),(227,'New Hollywood'),(228,'New Queer Cinema'),(229,'News'),(230,'Ninja movie'),(231,'Northern'),(232,'Nuclear warfare'),(233,'Operetta'),(234,'Outlaw'),(235,'Outlaw biker film'),(236,'Parkour in popular culture'),(237,'Parody'),(238,'Patriotic film'),(239,'Period Horror'),(240,'Period piece'),(241,'Pinku eiga'),(242,'Plague'),(243,'Point of view shot'),(244,'Political cinema'),(245,'Political Documetary'),(246,'Political drama'),(247,'Political satire'),(248,'Political thriller'),(249,'Prison'),(250,'Prison escape'),(251,'Prison film'),(252,'Private military company'),(253,'Propaganda film'),(254,'Psycho-biddy'),(255,'Psychological horror'),(256,'Psychological thriller'),(257,'Punk rock'),(258,'Race movie'),(259,'Reboot'),(260,'Religious Film'),(261,'Remake'),(262,'Revenge'),(263,'Revisionist Fairy Tale'),(264,'Revisionist Western'),(265,'Road movie'),(266,'Road-Horror'),(267,'Roadshow theatrical release'),(268,'Roadshow/Carny'),(269,'Rockumentary'),(270,'Romance Film'),(271,'Romantic comedy'),(272,'Romantic drama'),(273,'Romantic fantasy'),(274,'Romantic thriller'),(275,'Samurai cinema'),(276,'Satire'),(277,'School story'),(278,'Sci Fi Pictures original films'),(279,'Sci-Fi Adventure'),(280,'Sci-Fi Horror'),(281,'Sci-Fi Thriller'),(282,'Science Fiction'),(283,'Science fiction Western'),(284,'Screwball comedy'),(285,'Sex comedy'),(286,'Sexploitation'),(287,'Short Film'),(288,'Silent film'),(289,'Silhouette animation'),(290,'Singing cowboy'),(291,'Slapstick'),(292,'Slasher'),(293,'Slice of life story'),(294,'Social issues'),(295,'Social problem film'),(296,'Space opera'),(297,'Space western'),(298,'Spaghetti Western'),(299,'Splatter film'),(300,'Sponsored film'),(301,'Sports'),(302,'Spy'),(303,'Stand-up comedy'),(304,'Star vehicle'),(305,'Statutory rape'),(306,'Steampunk'),(307,'Stoner film'),(308,'Stop motion'),(309,'Superhero'),(310,'Superhero movie'),(311,'Supermarionation'),(312,'Supernatural'),(313,'Surrealism'),(314,'Suspense'),(315,'Swashbuckler films'),(316,'Sword and Sandal'),(317,'Sword and sorcery'),(318,'Sword and sorcery films'),(319,'Tamil cinema'),(320,'Teen'),(321,'Television movie'),(322,'The Netherlands in World War II'),(323,'Therimin music'),(324,'Thriller'),(325,'Time travel'),(326,'Tokusatsu'),(327,'Tollywood'),(328,'Tragedy'),(329,'Tragicomedy'),(330,'Travel'),(331,'Vampire movies'),(332,'War effort'),(333,'War film'),(334,'Werewolf fiction'),(335,'Western'),(336,'Whodunit'),(337,'Women in prison films'),(338,'Workplace Comedy'),(339,'World cinema'),(340,'World History'),(341,'Wuxia'),(342,'Z movie'),(343,'Zombie Film');
/*!40000 ALTER TABLE `Categorieen` ENABLE KEYS */;
UNLOCK TABLES;

--
-- Table structure for table `FilmInCategorie`
--

DROP TABLE IF EXISTS `FilmInCategorie`;
/*!40101 SET @saved_cs_client     = @@character_set_client */;
/*!50503 SET character_set_client = utf8mb4 */;
CREATE TABLE `FilmInCategorie` (
  `Films_Id` int NOT NULL,
  `Categorieen_Id` int NOT NULL,
  PRIMARY KEY (`Films_Id`,`Categorieen_Id`),
  KEY `fk_Films_has_Categorieen_Categorieen1_idx` (`Categorieen_Id`),
  KEY `fk_Films_has_Categorieen_Films_idx` (`Films_Id`),
  CONSTRAINT `fk_FilmInCategorie_Categorieen` FOREIGN KEY (`Categorieen_Id`) REFERENCES `Categorieen` (`Id`),
  CONSTRAINT `fk_FilmInCategorie_Films` FOREIGN KEY (`Films_Id`) REFERENCES `Films` (`Id`)
) ENGINE=InnoDB DEFAULT CHARSET=utf8mb4 COLLATE=utf8mb4_0900_ai_ci;
/*!40101 SET character_set_client = @saved_cs_client */;

--
-- Dumping data for table `FilmInCategorie`
--

LOCK TABLES `FilmInCategorie` WRITE;
/*!40000 ALTER TABLE `FilmInCategorie` DISABLE KEYS */;
INSERT INTO `FilmInCategorie` VALUES (60,1),(126,1),(264,1),(452,1),(200,2),(379,2),(117,3),(415,4),(417,4),(110,6),(215,6),(365,6),(55,7),(341,7),(484,7),(349,8),(73,9),(216,9),(231,10),(247,10),(343,10),(371,10),(498,11),(211,12),(212,12),(282,12),(457,13),(77,14),(227,14),(395,14),(86,15),(401,17),(43,19),(98,19),(285,19),(302,19),(203,21),(271,21),(467,21),(297,22),(2,23),(69,24),(156,24),(281,26),(305,26),(224,27),(443,27),(473,27),(164,28),(479,28),(201,29),(217,31),(167,33),(486,33),(303,34),(367,34),(99,35),(446,35),(262,36),(441,37),(454,38),(460,38),(108,39),(445,39),(433,41),(80,42),(106,42),(355,42),(384,42),(116,43),(300,43),(357,43),(397,43),(382,44),(383,44),(426,44),(462,44),(38,46),(142,47),(235,47),(219,49),(327,50),(75,51),(195,51),(483,52),(197,54),(22,57),(135,58),(332,59),(225,61),(368,62),(49,63),(56,63),(85,63),(246,63),(351,63),(172,64),(193,65),(118,66),(130,66),(255,66),(298,66),(153,68),(387,68),(354,69),(396,69),(339,70),(21,71),(422,71),(186,72),(304,72),(104,73),(255,73),(277,73),(313,73),(170,74),(35,76),(221,76),(394,76),(39,77),(266,77),(350,77),(162,78),(78,79),(140,79),(481,79),(428,80),(238,81),(131,82),(435,83),(439,83),(30,85),(124,85),(490,85),(248,89),(259,90),(77,91),(201,92),(269,92),(225,93),(18,94),(194,94),(134,95),(202,95),(361,97),(53,99),(138,99),(245,99),(361,99),(123,100),(413,100),(316,101),(356,101),(405,101),(468,101),(370,103),(289,105),(336,105),(399,105),(447,106),(465,106),(28,107),(32,107),(137,107),(143,107),(414,107),(29,108),(472,108),(139,109),(180,109),(52,111),(193,112),(333,113),(34,114),(238,114),(432,114),(60,115),(308,115),(334,115),(436,115),(19,116),(260,116),(157,117),(424,117),(189,118),(256,118),(272,118),(475,118),(373,119),(51,120),(90,120),(178,120),(497,121),(374,122),(293,123),(306,123),(393,123),(50,124),(213,124),(340,125),(273,126),(326,126),(71,127),(251,127),(258,127),(159,128),(181,128),(265,128),(91,129),(12,130),(377,131),(402,132),(333,133),(453,133),(72,134),(136,134),(199,134),(11,135),(267,135),(342,137),(420,137),(30,138),(152,138),(325,138),(448,138),(381,140),(270,141),(416,142),(145,143),(182,143),(456,143),(89,144),(209,144),(250,145),(97,146),(109,146),(173,146),(205,146),(263,146),(172,147),(337,147),(65,148),(500,148),(232,149),(7,150),(364,150),(146,152),(158,152),(369,152),(249,153),(312,153),(431,153),(14,154),(128,154),(485,154),(198,155),(220,155),(372,155),(16,156),(151,156),(396,157),(37,158),(113,158),(374,158),(488,158),(9,161),(284,161),(406,161),(425,162),(61,163),(217,163),(276,163),(306,163),(26,165),(375,165),(408,165),(427,165),(155,166),(253,166),(385,166),(450,166),(463,167),(330,168),(474,168),(165,169),(62,171),(295,172),(434,173),(451,173),(242,175),(380,176),(93,180),(292,182),(320,182),(438,183),(94,184),(286,184),(188,185),(409,185),(440,185),(63,188),(433,188),(254,189),(359,189),(386,189),(421,189),(288,190),(160,192),(171,192),(310,192),(59,193),(174,194),(397,195),(453,195),(261,196),(430,196),(458,196),(8,197),(226,197),(244,197),(290,198),(17,200),(81,200),(278,200),(353,200),(88,201),(161,202),(105,203),(228,203),(360,204),(177,205),(480,206),(412,207),(141,209),(55,213),(23,214),(196,214),(379,214),(390,214),(403,214),(84,215),(381,215),(24,216),(31,216),(74,216),(234,216),(324,216),(496,218),(45,219),(147,219),(387,219),(392,219),(27,220),(323,220),(407,220),(83,221),(296,221),(358,221),(489,221),(79,223),(112,223),(107,224),(477,224),(150,225),(189,225),(276,225),(54,226),(48,228),(179,228),(410,228),(41,229),(404,229),(471,231),(118,232),(307,232),(446,232),(113,233),(15,235),(95,235),(294,236),(393,236),(420,236),(470,236),(476,236),(6,237),(33,237),(169,237),(466,237),(132,238),(464,238),(121,239),(328,239),(335,241),(64,242),(274,242),(144,243),(482,243),(25,244),(4,245),(205,245),(20,246),(257,246),(72,249),(442,249),(166,250),(168,250),(135,251),(459,252),(36,253),(115,253),(134,253),(233,253),(237,253),(137,256),(61,257),(27,258),(207,258),(163,259),(175,260),(42,262),(120,263),(423,263),(243,265),(133,266),(204,266),(321,266),(316,267),(57,268),(66,268),(400,268),(100,269),(185,270),(249,271),(184,272),(214,272),(311,272),(411,276),(414,276),(239,277),(76,278),(299,279),(348,279),(81,280),(119,281),(359,281),(345,282),(283,283),(418,283),(129,284),(192,284),(67,285),(92,285),(114,285),(291,285),(404,286),(273,288),(495,288),(10,289),(5,290),(449,290),(13,291),(106,291),(183,291),(239,291),(218,292),(309,292),(391,292),(230,293),(386,293),(455,293),(494,293),(44,294),(222,294),(3,295),(252,296),(190,297),(301,297),(487,297),(154,298),(46,299),(58,300),(191,301),(388,301),(499,301),(223,302),(338,302),(240,303),(241,303),(376,304),(469,304),(287,305),(280,307),(398,307),(208,308),(362,308),(87,311),(329,311),(96,312),(103,313),(227,313),(275,313),(331,313),(352,313),(176,314),(461,314),(5,315),(125,316),(229,316),(344,316),(347,316),(122,318),(492,318),(82,319),(101,320),(206,320),(279,320),(319,320),(149,321),(346,321),(103,322),(236,322),(389,322),(47,323),(127,323),(271,323),(299,323),(315,324),(317,324),(111,325),(187,325),(314,325),(311,326),(378,326),(437,326),(491,328),(493,329),(478,330),(102,331),(210,331),(429,332),(68,334),(70,334),(268,334),(363,334),(322,336),(40,337),(75,337),(318,337),(444,337),(419,339),(292,340),(366,341),(148,342);
/*!40000 ALTER TABLE `FilmInCategorie` ENABLE KEYS */;
UNLOCK TABLES;

--
-- Table structure for table `Films`
--

DROP TABLE IF EXISTS `Films`;
/*!40101 SET @saved_cs_client     = @@character_set_client */;
/*!50503 SET character_set_client = utf8mb4 */;
CREATE TABLE `Films` (
  `Id` int NOT NULL AUTO_INCREMENT,
  `Releasejaar` year NOT NULL,
  `Titel` varchar(200) NOT NULL,
  PRIMARY KEY (`Id`)
) ENGINE=InnoDB AUTO_INCREMENT=501 DEFAULT CHARSET=utf8mb4 COLLATE=utf8mb4_0900_ai_ci;
/*!40101 SET character_set_client = @saved_cs_client */;

--
-- Dumping data for table `Films`
--

LOCK TABLES `Films` WRITE;
/*!40000 ALTER TABLE `Films` DISABLE KEYS */;
INSERT INTO `Films` VALUES (1,1993,'Donner Pass'),(2,1997,'Jönssonligan - Den perfekta stöten'),(3,2009,'Wrestling Ernest Hemingway'),(4,1969,'Tales from the Darkside: The Movie'),(5,2011,'A-Team, The'),(6,1998,'Beerfest'),(7,2007,'Killers, The'),(8,2010,'Villa Amalia'),(9,2010,'The Bride Wore Red'),(10,1999,'Surplus: Terrorized Into Being Consumers'),(11,1997,'Patton Oswalt: No Reason to Complain'),(12,2012,'Brink of Life (Nära livet)'),(13,2010,'Conviction'),(14,2009,'Avenue Montaigne (Fauteuils d\'orchestre)'),(15,1999,'Stop Train 349'),(16,1996,'Debtocracy'),(17,2008,'Toy Story Toons: Hawaiian Vacation'),(18,2002,'San Francisco'),(19,2002,'Billy\'s Holiday'),(20,2008,'Corman\'s World: Exploits of a Hollywood Rebel'),(21,2010,'Hot Pursuit'),(22,2011,'Piñero'),(23,1998,'Jezebel'),(24,2002,'Lumberjacking (Nuoruuteni savotat)'),(25,1994,'Magic'),(26,1986,'Apocalypto'),(27,2012,'Zoot Suit'),(28,2011,'MR 73 (a.k.a. The Last Deadly Mission)'),(29,2006,'Only the Strong Survive - A Celebration of Soul'),(30,2000,'Smashing Pumpkins: If All Goes Wrong'),(31,2005,'Prince and the Pauper, The'),(32,1993,'Middle of the World, The (O Caminho das Nuvens)'),(33,2011,'Tattooed Life (Irezumi ichidai)'),(34,2000,'Enid Is Sleeping'),(35,1990,'Long John Silver'),(36,1993,'Anarchist Cookbook, The'),(37,1995,'War Comes to America (Why We Fight, 7)'),(38,2011,'Escape Plan'),(39,1988,'Children of the Secret State'),(40,2012,'Bringing Up Bobby'),(41,2002,'Geri\'s Game'),(42,1993,'Mr. Hobbs Takes a Vacation'),(43,2001,'Bandwagon'),(44,1994,'Thor: The Dark World'),(45,2002,'Perfume'),(46,2010,'Secret Garden, The'),(47,1994,'Matriarch, The (Lieksa!)'),(48,2009,'Deal, The'),(49,2008,'Bachelor, The'),(50,1993,'Loulou'),(51,2002,'Perfectly Normal'),(52,1997,'Lilies'),(53,2004,'Treasure Island'),(54,1998,'No Strings Attached'),(55,1985,'Buddy'),(56,1996,'Curse of Chucky (Child\'s Play 6)'),(57,2009,'Some Kind of Wonderful'),(58,1988,'Program, The'),(59,2004,'First Power, The'),(60,1991,'Miss Meadows'),(61,2000,'Cockleshell Heroes, The'),(62,2006,'Heat\'s On, The'),(63,1995,'Town That Dreaded Sundown, The'),(64,1988,'Judgement Day'),(65,1996,'Murder à la Mod'),(66,2012,'Christmas Holiday'),(67,1995,'Man on the Roof, The (Mannen på taket)'),(68,2009,'Soft Fruit'),(69,1998,'In the Valley of Elah'),(70,2006,'The Fighting 69th'),(71,1990,'May I Kill U?'),(72,2006,'Besotted'),(73,1996,'Fall of the Roman Empire, The'),(74,2011,'Little Fauss and Big Halsy'),(75,2009,'Supermensch: The Legend of Shep Gordon'),(76,2010,'Hell Drivers'),(77,2008,'Non-Stop'),(78,2007,'Stretch'),(79,2006,'Making a Killing: The Untold Story of Psychotropic Drugging'),(80,1985,'Home Fries'),(81,1992,'Good Night, The'),(82,2010,'Homage'),(83,2010,'Special Delivery'),(84,2005,'Dallas: War of the Ewings'),(85,1998,'T-Men'),(86,1990,'Love'),(87,1997,'Zindagi Na Milegi Dobara'),(88,2005,'The Wrecking Crew'),(89,2001,'Kindergarten Cop'),(90,2012,'Setup (Set Up)'),(91,1994,'Wheelmen'),(92,2006,'The Crowded Sky'),(93,2012,'Aftermath'),(94,1993,'Show Me'),(95,2003,'S. Darko (S. Darko: A Donnie Darko Tale)'),(96,2011,'May Fools (Milou en mai)'),(97,2006,'The Incite Mill - 7 Day Death Game'),(98,1994,'36 fillette'),(99,1998,'Bullet for a Badman (Renegade Posse)'),(100,1993,'Drop Dead Gorgeous'),(101,1990,'Three Outlaw Samurai (Sanbiki no samurai)'),(102,2011,'I Think I Do'),(103,1999,'Bone Collector, The'),(104,2009,'Voices of a Distant Star (Hoshi no koe)'),(105,2009,'Princess'),(106,2011,'Summer Catch'),(107,2004,'Shadow of the Holy Book (Pyhän kirjan varjo)'),(108,2005,'Son of the Sheik, The'),(109,1997,'Hotel for Dogs'),(110,2012,'Manuel on the Island of Wonders (Manoel dans l\'île des merveilles)'),(111,1998,'Jackal, The'),(112,1994,'Tuff Turf'),(113,1994,'Cedar Rapids'),(114,1999,'Jenny'),(115,1997,'Killers, The'),(116,1992,'Higher and Higher'),(117,2000,'His Regeneration'),(118,2003,'Love at First Bite'),(119,2003,'Son of Lassie'),(120,2010,'Jim Breuer: And Laughter for All'),(121,2009,'Hellhounds on My Trail'),(122,1995,'Woman in Black, The'),(123,2001,'Nature of Existence, The'),(124,1997,'Demolition Man'),(125,2003,'Killer Shrews, The'),(126,2009,'Sierra, La'),(127,2000,'Savage Innocents, The'),(128,1996,'Ghosts of Girlfriends Past'),(129,1995,'Greatest Movie Ever Sold, The (POM Wonderful Presents: The Greatest Movie Ever Sold)'),(130,2006,'Consuming Spirits'),(131,2011,'Sweet Rush (Tatarak)'),(132,2009,'The Four Feathers'),(133,2010,'Tom Segura: Completely Normal'),(134,2012,'American Werewolf in London, An'),(135,2002,'Fagbug'),(136,2001,'Snow Beast '),(137,1994,'Mr. Brooks'),(138,2010,'Road to Zanzibar'),(139,2007,'Under the Flag of the Rising Sun'),(140,1987,'Dark Blue'),(141,1998,'Rafa'),(142,2001,'Chicago Overcoat'),(143,2006,'Chori Chori Chupke Chupke'),(144,1994,'Solo '),(145,2008,'Miral'),(146,2007,'Hit and Run (Hit & Run)'),(147,2002,'Why Does Herr R. Run Amok? (Warum läuft Herr R. Amok?)'),(148,1997,'Girls on the Road (a.k.a. Hot Summer Week)'),(149,2004,'Long Absence, The (Une aussi longue absence)'),(150,2011,'Dead Meat'),(151,2001,'My Life in Orange (Sommer in Orange)'),(152,2000,'Sunchaser, The'),(153,1993,'Locked Out (Enfermés dehors)'),(154,2007,'What\'s in a Name (Prénom, Le)'),(155,2010,'Chuck Berry Hail! Hail! Rock \'n\' Roll'),(156,2007,'3rd Voice, The'),(157,2001,'Be Cool'),(158,2001,'Innocents, The'),(159,2000,'Tokyo Joe'),(160,2007,'Man in the Wilderness'),(161,1995,'Cosmonaut, The'),(162,2002,'Captain Conan (Capitaine Conan)'),(163,1995,'Latter Days'),(164,2010,'Dead Rising: Watchtower'),(165,1992,'Red Pony, The'),(166,2003,'The Little Kidnappers'),(167,1984,'Trouble with the Curve'),(168,2003,'Death Warrant'),(169,2011,'Rush'),(170,2010,'Kundun'),(171,2003,'Flim-Flam Man, The'),(172,2012,'Our Song'),(173,2006,'Silent Night'),(174,2006,'Mrs. Dalloway'),(175,2000,'Glory to the Filmmaker! (Kantoku · Banzai!)'),(176,1995,'Abraham'),(177,2007,'Heartbeat Detector (Question humaine, La)'),(178,2012,'AVPR: Aliens vs. Predator - Requiem'),(179,2010,'Sam\'s Song'),(180,1992,'Hamlet Goes Business (Hamlet liikemaailmassa)'),(181,1994,'Hospital, The'),(182,1988,'Ernest Goes to Africa'),(183,2008,'Return from Witch Mountain'),(184,2001,'Backlight'),(185,1999,'Battlestar Galactica: The Plan'),(186,1992,'Crime at the Chinese Restaurant'),(187,2007,'Bullies'),(188,2000,'Mio in the Land of Faraway (Mio min Mio)'),(189,2001,'Jönssonligans största kupp'),(190,2012,'To Mars by A-Bomb: The Secret History of Project Orion'),(191,2006,'Double Vision (Shuang tong)'),(192,2000,'Good Day to Die Hard, A'),(193,2011,'Joe\'s Palace'),(194,2002,'Rugrats in Paris: The Movie'),(195,1989,'Namesake, The'),(196,2007,'Ignition'),(197,1984,'Suitor, The (Soupirant, Le)'),(198,2001,'City in the Sea'),(199,2006,'All These Women (För att inte tala om alla dessa kvinnor)'),(200,2009,'Dragonheart 2: A New Beginning'),(201,1994,'Downloaded'),(202,1994,'Autumn Tale, An (Conte d\'automne)'),(203,2009,'Innocent Lies'),(204,2011,'Kings of Recycling (Kierrätyksen kuninkaat)'),(205,2009,'Blondes at Work'),(206,1997,'Milwaukee, Minnesota'),(207,1987,'A Pigeon Sat on a Branch Reflecting on Existence'),(208,1994,'Please Give'),(209,2010,'When You\'re Strange'),(210,2002,'Days Of Darkness'),(211,1991,'Waitress'),(212,2002,'Roadie'),(213,2010,'Vodka Lemon'),(214,2001,'Agent Cody Banks'),(215,2008,'Anna'),(216,2003,'Tables Turned on the Gardener'),(217,1996,'Back-up Plan, The'),(218,2005,'Desire: The Vampire'),(219,2003,'Great Caruso, The'),(220,2011,'Ladybug Ladybug '),(221,1993,'Green Mile, The'),(222,1994,'Man Called Gannon, A'),(223,2004,'Toughest Man in the World, The'),(224,1991,'Aloha Summer'),(225,1999,'American Graffiti'),(226,2007,'Curse of the Demon (Night of the Demon)'),(227,1995,'Unknown'),(228,2012,'Selfish Giant, The'),(229,2011,'All the Light in the Sky'),(230,2007,'Alice\'s Adventures in Wonderland'),(231,2005,'(A)sexual'),(232,1998,'Boxer, The'),(233,1989,'Night Ambush (Ill Met by Moonlight)'),(234,1992,'It\'s a Great Feeling'),(235,1993,'Super Cops, The'),(236,2002,'Children of the Corn: Revelation'),(237,2000,'Three Musketeers, The'),(238,1988,'Do You Like Hitchcock? (Ti piace Hitchcock?)'),(239,2006,'Scenes from the Class Struggle in Beverly Hills'),(240,1989,'Gilded Lily, The'),(241,1999,'King of Masks, The (Bian Lian)'),(242,1987,'Jane Eyre'),(243,2000,'Not of This Earth'),(244,1993,'Stay'),(245,1996,'Beekeeper, The (O melissokomos)'),(246,2007,'Tao of Steve, The'),(247,2012,'Penelope'),(248,2010,'Dragons Forever'),(249,2003,'Watchmen: Tales of the Black Freighter'),(250,2000,'Barefoot Gen 2 (Hadashi no Gen II)'),(251,1998,'Edie & Pen'),(252,2003,'After Five in the Jungle (Nach Fünf im Urwald)'),(253,1996,'Paperhouse'),(254,2007,'Mission to Mars'),(255,2003,'Hard Luck'),(256,2000,'Cinema Verite'),(257,1999,'Superweib, Das'),(258,2011,'Collapse'),(259,2005,'Still Alice'),(260,1998,'Big Eyes'),(261,1994,'Closure'),(262,1994,'Zero Dark Thirty'),(263,1996,'Kiss Me, Guido'),(264,1992,'Platoon'),(265,2002,'David and Bathsheba'),(266,2000,'Rude Awakening'),(267,2012,'In Fear'),(268,2011,'The Golden Voyage of Sinbad'),(269,1964,'Meet John Doe'),(270,2008,'Odgrobadogroba'),(271,1993,'Intermission'),(272,1990,'Amen'),(273,2006,'Cooking Up Dreams (De ollas y sueños)'),(274,2004,'Homecoming, The'),(275,2000,'Zig Zag'),(276,1993,'Lone Wolf McQuade'),(277,2008,'Petting Zoo'),(278,2007,'Rink, The'),(279,2006,'Hit by Lightning'),(280,2009,'Iron Giant, The'),(281,1997,'Hobbit: The Desolation of Smaug, The'),(282,1992,'Hickey and Boggs'),(283,2003,'Immortals, The'),(284,1999,'Strapped'),(285,2008,'Rules of the Game, The (La règle du jeu)'),(286,2005,'Blood of Heroes, The (Salute of the Jugger, The)'),(287,1998,'Horror of the Zombies'),(288,1993,'Destroy All Monsters (Kaijû sôshingeki)'),(289,1999,'Samurai Banners (Fûrin kazan)'),(290,2003,'Lilting'),(291,2008,'Generation, A (Pokolenie)'),(292,1998,'War of the Buttons'),(293,2005,'Finding Normal'),(294,2003,'Double, Double, Toil and Trouble'),(295,2012,'Journey, The'),(296,1996,'Diana'),(297,2012,'Stolen (Stolen Lives)'),(298,2004,'Poppy Shakespeare'),(299,1989,'Adventures of Felix, The (a.k.a. Funny Felix) (Drôle de Félix)'),(300,2007,'Hella W'),(301,1996,'Easy Money (Snabba Cash)'),(302,2012,'Zazie dans le métro'),(303,1999,'Jonah Who Will Be 25 in the Year 2000 (Jonas qui aura 25 ans en l\'an 2000)'),(304,2010,'October Baby'),(305,2012,'Many Rivers to Cross'),(306,1993,'Last of Mrs. Cheyney, The'),(307,1997,'Where Angels Fear to Tread'),(308,1999,'A Mulher Invisível'),(309,2013,'Frailty'),(310,1966,'Manborg'),(311,2010,'Horror of the Zombies'),(312,2000,'Never Ever! (Nigdy w zyciu!)'),(313,2002,'Jesus'),(314,1979,'Milka - A Film About Taboos (Milka - elokuva tabuista)'),(315,2011,'Hitman, The'),(316,2002,'Charly'),(317,2007,'The Learning Tree'),(318,2013,'Fade to Black'),(319,2012,'Ouch (Aïe)'),(320,2009,'Oliver Twist'),(321,2000,'Stand-In'),(322,2002,'The Concert for Bangladesh'),(323,2002,'Delta Force 2 (Delta Force 2: The Colombian Connection)'),(324,1999,'Killer at Large'),(325,1999,'Backfire'),(326,1996,'Father of Invention'),(327,2008,'Fantomas Unleashed'),(328,2003,'Out California Way'),(329,2000,'Shadows of a Hot Summer (Stíny horkého léta)'),(330,2005,'Can I Do It \'Till I Need Glasses?'),(331,1993,'Old Dark House, The'),(332,2009,'Arlington Road'),(333,1997,'Caesar and Cleopatra'),(334,2005,'False Trail (Jägarna 2)'),(335,1969,'M'),(336,2007,'Brainstorm'),(337,2007,'Skippy'),(338,1993,'Unknown Woman, The (La Sconosciuta)'),(339,2003,'Dinosaur'),(340,2010,'Don\'t You Forget About Me'),(341,1988,'Bashu, the Little Stranger (Bashu, gharibeye koochak)'),(342,2004,'Katie Tippel (Keetje Tippel)'),(343,1993,'Morning Patrol (Proini peripolos)'),(344,2002,'Zatoichi\'s Cane Sword (Zatôichi tekka tabi) (Zatôichi 15)'),(345,1994,'Midnight Man'),(346,1988,'Jeremy'),(347,2010,'Passenger, The (Professione: reporter)'),(348,2009,'Take the High Ground!'),(349,1996,'Stolen Children (Ladro di bambini, Il)'),(350,2004,'Smokey and the Bandit'),(351,1992,'Good, the Bad, the Weird, The (Joheunnom nabbeunnom isanghannom)'),(352,2002,'Slammin\' Salmon, The'),(353,1993,'Putin\'s Kiss'),(354,1986,'Planes'),(355,2007,'Max Payne'),(356,1999,'Come Drink with Me (Da zui xia)'),(357,2010,'Philadelphia Experiment, The'),(358,1992,'Perfect'),(359,2006,'Hellion'),(360,2009,'Jonathan Livingston Seagull'),(361,2000,'Return of the Street Fighter (Satsujin ken 2)'),(362,2004,'Pornographer, The (Le pornographe)'),(363,1990,'Day After Trinity, The'),(364,1993,'Paid'),(365,2008,'Paris'),(366,1995,'Au revoir les enfants'),(367,1993,'Two Sisters from Boston'),(368,2004,'Cruel Romance, A (Zhestokij Romans)'),(369,2007,'Michael the Brave (Mihai Viteazul)'),(370,2004,'Jumbo (Billy Rose\'s Jumbo)'),(371,1995,'Twelve'),(372,2004,'Tales from the Crypt Presents: Demon Knight'),(373,2007,'Necessary Death, A'),(374,2008,'Grande école'),(375,2009,'Get on Up'),(376,2006,'House III: The Horror Show'),(377,2007,'Shanghai Surprise'),(378,1995,'History of Future Folk, The'),(379,1992,'Martin'),(380,1996,'The Broken Jug'),(381,1993,'A-Team, The'),(382,1997,'Management'),(383,2008,'White Mischief'),(384,1992,'Failure to Launch'),(385,2011,'You Are the Apple of My Eye'),(386,2003,'Lost Missile, The'),(387,1964,'A Good Marriage'),(388,2008,'Onechanbara - Zombie Bikini Squad (a.k.a. Oneechanbara: The Movie)'),(389,1986,'Things I Like, Things I Don\'t Like (Foutaises)'),(390,1997,'Ask Me Anything'),(391,2011,'Friend of Mine, A (Ein Freund von mir)'),(392,1999,'Dr. Crippen'),(393,2009,'Camp'),(394,2013,'Liar\'s Autobiography: The Untrue Story of Monty Python\'s Graham Chapman, A'),(395,2000,'Vito'),(396,1988,'Not Here to Be Loved (Je ne suis pas là pour être aimé)'),(397,1993,'Musketeer, The'),(398,1998,'xXx'),(399,1985,'\'R Xmas'),(400,1997,'Wrestler, The (Painija)'),(401,1984,'Shepard & Dark'),(402,2004,'Jerry Springer: The Opera'),(403,2010,'Wife vs. Secretary'),(404,1980,'Steal Big, Steal Little'),(405,1996,'Rookie, The'),(406,1992,'In Two Minds'),(407,2006,'Out of the Fog'),(408,2011,'Pill, The'),(409,1996,'Scotland, Pa.'),(410,2004,'Visions of Light: The Art of Cinematography'),(411,1998,'Messengers 2: The Scarecrow'),(412,2006,'Mean Creek'),(413,1993,'Whisper of Sin (Nuodemes uzkalbejimas)'),(414,1991,'Freeway II: Confessions of a Trickbaby'),(415,1997,'Union Pacific'),(416,2001,'Food Matters'),(417,2012,'Strangers in Good Company'),(418,1992,'Here Comes the Devil (Ahí va el diablo)'),(419,2008,'Agnes of God'),(420,2000,'One Night Stand'),(421,2001,'Cabaret Balkan (Bure Baruta)'),(422,2009,'Rose Seller, The (La vendedora de rosas)'),(423,2004,'In the House'),(424,2005,'Legend of the 7 Golden Vampires, The'),(425,1985,'Ring, The'),(426,2011,'Time Tracers'),(427,1988,'Hey, Happy!'),(428,2009,'Nina Frisk'),(429,1993,'Mortal Kombat: Annihilation'),(430,1991,'Night People'),(431,2011,'Misérables, Les'),(432,2012,'When Darkness Falls (När mörkret faller)'),(433,2005,'Harriet Craig'),(434,2001,'Walker, The'),(435,2012,'Cousins, The (Cousins, Les)'),(436,2007,'Goodbye, Mr. Chips'),(437,1994,'Songs My Brothers Taught Me'),(438,1994,'Prince & Me II: The Royal Wedding, The'),(439,2001,'All the Pretty Horses'),(440,1998,'W.C. Fields and Me'),(441,2000,'Adventures of Pluto Nash, The'),(442,1994,'The Lazarus Effect'),(443,2004,'Road to Ruin, The'),(444,2003,'Day for Night (La Nuit Américaine)'),(445,1994,'Past Midnight'),(446,2013,'Man on the Moon'),(447,1997,'Twelve Monkeys (a.k.a. 12 Monkeys)'),(448,1993,'Terrorist, The (a.k.a. Malli) (Theeviravaathi)'),(449,1976,'City of Ghosts'),(450,2007,'Terminator, The'),(451,2010,'Naked City, The'),(452,2001,'Tree Grows in Brooklyn, A'),(453,1995,'Trip to Mars, A'),(454,2001,'No Reservations'),(455,2006,'Austenland'),(456,2011,'Hair Show'),(457,1997,'12 Rounds 2: Reloaded'),(458,2009,'Pastoral Hide and Seek (Den-en ni shisu)'),(459,1998,'Heads'),(460,2008,'Bucket of Blood, A (Dark Secrets) (Death Artist, The)'),(461,2002,'The Facts of Murder'),(462,2006,'Wounds, The (Rane)'),(463,1985,'Hitler\'s Madman'),(464,1991,'Square Dance'),(465,2011,'See This Movie'),(466,2000,'Monkey\'s Mask, The'),(467,2006,'Halloween'),(468,1970,'Backflash (Backflash Blues)'),(469,1993,'Jaws: The Revenge'),(470,1989,'Major Payne'),(471,2004,'Robot Stories'),(472,1994,'Death and Cremation'),(473,1994,'Judas Kiss'),(474,1987,'No Regrets for Our Youth (Waga seishun ni kuinashi)'),(475,1997,'Hollywood Revue of 1929, The'),(476,2012,'Centenarian Who Climbed Out the Window and Vanished, The (Hundraåringen som klev ut genom fönstret och försvann)'),(477,1999,'Who\'s Harry Crumb?'),(478,1994,'Into the Woods'),(479,1993,'Westbound'),(480,2012,'Prodigal Son, The (Bai ga jai)'),(481,2004,'City of Industry'),(482,2003,'Hawks and Sparrows (Uccellacci e Uccellini)'),(483,2002,'Brown Sugar'),(484,1990,'George Lopez: It\'s Not Me, It\'s You'),(485,2002,'Barren Lives (Vidas Secas)'),(486,2001,'Land Before Time, The'),(487,2002,'Ring, The'),(488,1997,'Much Ado About Nothing'),(489,1996,'Westbound'),(490,1998,'Clandestine Childhood'),(491,1993,'Junior Bonner'),(492,1999,'Friends of God: A Road Trip with Alexandra Pelosi'),(493,1996,'Citizen Koch'),(494,2008,'Be Kind Rewind'),(495,1999,'What a Girl Wants'),(496,2005,'Gathering of Old Men, A (Murder on the Bayou)'),(497,2002,'Last of Robin Hood, The'),(498,1995,'Governess, The'),(499,2013,'Treasure of the Sierra Madre, The'),(500,2004,'Stuck ');
/*!40000 ALTER TABLE `Films` ENABLE KEYS */;
UNLOCK TABLES;

--
-- Table structure for table `Klanten`
--

DROP TABLE IF EXISTS `Klanten`;
/*!40101 SET @saved_cs_client     = @@character_set_client */;
/*!50503 SET character_set_client = utf8mb4 */;
CREATE TABLE `Klanten` (
  `Id` int NOT NULL AUTO_INCREMENT,
  `Voornaam` varchar(100) NOT NULL,
  `Familienaam` varchar(100) NOT NULL,
  `Adres` varchar(100) NOT NULL,
  `Email` varchar(100) NOT NULL,
  PRIMARY KEY (`Id`)
) ENGINE=InnoDB AUTO_INCREMENT=501 DEFAULT CHARSET=utf8mb4 COLLATE=utf8mb4_0900_ai_ci;
/*!40101 SET character_set_client = @saved_cs_client */;

--
-- Dumping data for table `Klanten`
--

LOCK TABLES `Klanten` WRITE;
/*!40000 ALTER TABLE `Klanten` DISABLE KEYS */;
INSERT INTO `Klanten` VALUES (1,'Whitney','Pilley','5112 Alpine Road','wpilley0@bandcamp.com'),(2,'Boot','Metrick','42475 Packers Plaza','bmetrick1@e-recht24.de'),(3,'Nonnah','Jellico','9 Bunting Terrace','njellico2@slashdot.org'),(4,'Bil','Husselbee','8956 Carioca Park','bhusselbee3@theguardian.com'),(5,'Geri','Espadate','6421 Loftsgordon Street','gespadate4@about.com'),(6,'Rodger','Witter','95334 Bay Terrace','rwitter5@columbia.edu'),(7,'Englebert','Windrass','90 Erie Place','ewindrass6@jalbum.net'),(8,'Tabbatha','Dunbabin','67 Fairview Point','tdunbabin7@dion.ne.jp'),(9,'Putnam','Reimer','0495 Blue Bill Park Avenue','preimer8@narod.ru'),(10,'Ibrahim','Ondrusek','7 Anzinger Way','iondrusek9@cam.ac.uk'),(11,'Alick','Harrhy','2244 Birchwood Park','aharrhya@bbc.co.uk'),(12,'Karol','Bugg','83 Shoshone Terrace','kbuggb@businesswire.com'),(13,'Valeria','Beahan','15 Arapahoe Drive','vbeahanc@posterous.com'),(14,'Avie','Dmitrienko','8596 Ramsey Trail','admitrienkod@sogou.com'),(15,'Vicki','Thiem','9539 Bartillon Plaza','vthieme@phpbb.com'),(16,'Fabien','Baldick','3346 Helena Way','fbaldickf@51.la'),(17,'Darcey','Shitliffe','71 Continental Place','dshitliffeg@usgs.gov'),(18,'Allix','McCarrick','72365 Londonderry Plaza','amccarrickh@stumbleupon.com'),(19,'Uriel','Bulpitt','3153 Kingsford Crossing','ubulpitti@mozilla.com'),(20,'Keen','Garnsworth','13 Jana Trail','kgarnsworthj@bigcartel.com'),(21,'Andria','Swansbury','89 Hagan Park','aswansburyk@admin.ch'),(22,'Dorelle','Rudeforth','4 Schurz Center','drudeforthl@independent.co.uk'),(23,'Dud','Lampkin','3 Commercial Park','dlampkinm@oracle.com'),(24,'Cherianne','Whatson','2 Ilene Parkway','cwhatsonn@guardian.co.uk'),(25,'Tomas','Physick','12 Claremont Place','tphysicko@typepad.com'),(26,'Shayna','Bottrill','319 La Follette Center','sbottrillp@ted.com'),(27,'Manda','Howselee','98638 Kenwood Park','mhowseleeq@whitehouse.gov'),(28,'Oliviero','Bearham','34810 Thackeray Center','obearhamr@hc360.com'),(29,'Alysa','Landers','3 Orin Avenue','alanderss@state.gov'),(30,'Kelcey','Crum','7 Manufacturers Terrace','kcrumt@dyndns.org'),(31,'Teador','Craighead','8884 Dorton Crossing','tcraigheadu@google.com.br'),(32,'Anissa','Gallyhaock','36019 Erie Parkway','agallyhaockv@dailymail.co.uk'),(33,'Vidovik','Gayton','03930 Stephen Court','vgaytonw@dion.ne.jp'),(34,'Emylee','Fitton','1941 Amoth Street','efittonx@webnode.com'),(35,'Nannette','Grog','47766 Marcy Center','ngrogy@weebly.com'),(36,'Christiano','Lemerle','21521 Mcbride Junction','clemerlez@yandex.ru'),(37,'Ronalda','Teesdale','158 Marquette Pass','rteesdale10@china.com.cn'),(38,'Benetta','Wearn','98267 Ramsey Trail','bwearn11@diigo.com'),(39,'Marielle','Paulo','13 Upham Terrace','mpaulo12@so-net.ne.jp'),(40,'Cletus','Creffeild','6 Tony Point','ccreffeild13@amazon.co.jp'),(41,'Puff','Burberye','10777 Bobwhite Avenue','pburberye14@infoseek.co.jp'),(42,'Karrah','Donaghy','0383 Oxford Terrace','kdonaghy15@quantcast.com'),(43,'Tiebold','Jahn','9 Morrow Circle','tjahn16@miibeian.gov.cn'),(44,'June','Cardinale','788 Londonderry Avenue','jcardinale17@zdnet.com'),(45,'Erich','Soloway','990 Cordelia Hill','esoloway18@ebay.co.uk'),(46,'Jaclin','Grutchfield','3 Arizona Park','jgrutchfield19@opensource.org'),(47,'Tiffy','Keeping','13954 Cottonwood Street','tkeeping1a@reverbnation.com'),(48,'Laural','Western','50460 Birchwood Court','lwestern1b@sbwire.com'),(49,'Ingamar','Hamill','80658 Melby Junction','ihamill1c@friendfeed.com'),(50,'Mary','Korb','145 Kropf Lane','mkorb1d@themeforest.net'),(51,'Rock','Ricketts','64567 Hoffman Center','rricketts1e@mozilla.com'),(52,'Sayer','California','5126 Westport Junction','scalifornia1f@soundcloud.com'),(53,'Malvin','Peddar','021 Rockefeller Circle','mpeddar1g@statcounter.com'),(54,'Kathye','Kighly','06 Bashford Lane','kkighly1h@ebay.co.uk'),(55,'Annalise','O\'Halligan','40769 Comanche Circle','aohalligan1i@seattletimes.com'),(56,'Angele','Nickerson','35060 Alpine Place','anickerson1j@fc2.com'),(57,'Jeanette','Devanny','353 Little Fleur Street','jdevanny1k@example.com'),(58,'Rockie','Tearney','066 Ryan Avenue','rtearney1l@clickbank.net'),(59,'Sebastien','Royste','68 South Point','sroyste1m@nydailynews.com'),(60,'Catarina','Manilow','88 New Castle Park','cmanilow1n@jugem.jp'),(61,'Eustacia','Antrobus','86661 Pond Road','eantrobus1o@answers.com'),(62,'Rochester','Shackell','416 Lake View Avenue','rshackell1p@hugedomains.com'),(63,'Odella','Houldcroft','4156 Memorial Street','ohouldcroft1q@discuz.net'),(64,'Janenna','Oels','0 Montana Street','joels1r@angelfire.com'),(65,'Ardyce','Churching','13511 Del Sol Circle','achurching1s@bloglovin.com'),(66,'Drusi','Sargison','39 Harper Street','dsargison1t@washingtonpost.com'),(67,'Tadd','Tourry','08782 Almo Lane','ttourry1u@usgs.gov'),(68,'Burty','Kilcoyne','07 Warbler Point','bkilcoyne1v@cargocollective.com'),(69,'Brynne','Graysmark','6 Quincy Place','bgraysmark1w@hp.com'),(70,'Eb','Bartrap','45596 Kim Point','ebartrap1x@meetup.com'),(71,'Darryl','Outram','67263 Veith Plaza','doutram1y@nymag.com'),(72,'Rebeca','McLese','3 Blackbird Court','rmclese1z@shutterfly.com'),(73,'Nollie','Foister','56 Hintze Place','nfoister20@nifty.com'),(74,'Allan','Lemmens','97336 Mariners Cove Way','alemmens21@amazon.de'),(75,'Allix','Hauxley','548 Sheridan Center','ahauxley22@amazon.co.uk'),(76,'Nevsa','Kittel','3538 Lillian Trail','nkittel23@nymag.com'),(77,'Nananne','Klouz','7954 Corscot Plaza','nklouz24@uiuc.edu'),(78,'Ferdinande','Georgiades','0319 East Point','fgeorgiades25@irs.gov'),(79,'Kenneth','Fulks','35 Fisk Way','kfulks26@theatlantic.com'),(80,'Sibilla','MacCorkell','8121 Clove Terrace','smaccorkell27@noaa.gov'),(81,'Pearla','Philot','8437 Rutledge Place','pphilot28@noaa.gov'),(82,'Ellen','Bampkin','45 Westridge Pass','ebampkin29@tripadvisor.com'),(83,'Karlee','Blankenship','48 Heffernan Lane','kblankenship2a@last.fm'),(84,'Laura','Spurrett','42175 Lakewood Gardens Avenue','lspurrett2b@epa.gov'),(85,'Cathrin','Masarrat','9 Merrick Place','cmasarrat2c@virginia.edu'),(86,'Bastien','De Vaar','812 Onsgard Lane','bdevaar2d@zdnet.com'),(87,'Dunstan','Bruna','495 Spohn Court','dbruna2e@nature.com'),(88,'Serge','Shorthouse','87 Scoville Avenue','sshorthouse2f@mapquest.com'),(89,'Gillie','Keepe','459 Valley Edge Trail','gkeepe2g@wix.com'),(90,'Kellen','Fosbraey','13617 Ilene Crossing','kfosbraey2h@dedecms.com'),(91,'Nye','Kenen','564 Fuller Trail','nkenen2i@nhs.uk'),(92,'Jeannine','Durning','3815 Holmberg Plaza','jdurning2j@washington.edu'),(93,'Hersch','MacKnockiter','6535 Moose Park','hmacknockiter2k@360.cn'),(94,'Roxine','Mathevet','58 Cottonwood Drive','rmathevet2l@dagondesign.com'),(95,'Annis','Klamp','56 High Crossing Pass','aklamp2m@typepad.com'),(96,'Marsiella','Skones','9 Cambridge Plaza','mskones2n@miibeian.gov.cn'),(97,'Caitrin','Grinaugh','840 Holy Cross Center','cgrinaugh2o@nsw.gov.au'),(98,'Alexis','MacGee','46977 Little Fleur Lane','amacgee2p@weebly.com'),(99,'Oralla','Falk','8808 Lindbergh Road','ofalk2q@istockphoto.com'),(100,'Allianora','Fasse','3 Manitowish Alley','afasse2r@house.gov'),(101,'Rudolfo','Fotherby','877 Mesta Center','rfotherby2s@infoseek.co.jp'),(102,'Marshall','Eaglesham','470 Mallard Center','meaglesham2t@samsung.com'),(103,'Tripp','Redmayne','8342 Gulseth Place','tredmayne2u@php.net'),(104,'Lucias','Cornborough','0041 Grover Center','lcornborough2v@tuttocitta.it'),(105,'Monro','Coules','83516 Golden Leaf Junction','mcoules2w@wunderground.com'),(106,'Patsy','Wrettum','318 Fairview Parkway','pwrettum2x@independent.co.uk'),(107,'Catharine','Frankom','751 Hoard Court','cfrankom2y@reference.com'),(108,'Leicester','Domsalla','82002 Lawn Terrace','ldomsalla2z@walmart.com'),(109,'Gustavus','Paraman','63452 Caliangt Terrace','gparaman30@wisc.edu'),(110,'Ronnie','Giorgetti','2976 3rd Junction','rgiorgetti31@nifty.com'),(111,'Sonnnie','Glasson','6 Logan Center','sglasson32@ovh.net'),(112,'Leif','Bennis','8 Rockefeller Terrace','lbennis33@princeton.edu'),(113,'Blair','MacDonagh','82 Johnson Pass','bmacdonagh34@moonfruit.com'),(114,'Drucie','Corbishley','74997 Katie Parkway','dcorbishley35@nature.com'),(115,'Robinett','Burgott','94429 Esker Road','rburgott36@zdnet.com'),(116,'Bill','Radcliffe','47520 Ruskin Plaza','bradcliffe37@cyberchimps.com'),(117,'Rolando','Smallman','59 Hazelcrest Terrace','rsmallman38@woothemes.com'),(118,'Rhea','Jentzsch','752 Shelley Avenue','rjentzsch39@cocolog-nifty.com'),(119,'Gary','Tharme','9 Bunting Plaza','gtharme3a@qq.com'),(120,'Sylvan','Abbes','59 Pearson Court','sabbes3b@squidoo.com'),(121,'Ferdinand','Shelmardine','5 2nd Hill','fshelmardine3c@marriott.com'),(122,'Sandra','Peyes','4664 Northview Drive','speyes3d@epa.gov'),(123,'Angelica','Studholme','0 Sugar Junction','astudholme3e@addtoany.com'),(124,'Porty','Ismay','51164 Cascade Point','pismay3f@virginia.edu'),(125,'Dierdre','Garken','67930 Merry Parkway','dgarken3g@artisteer.com'),(126,'Bobbi','McQuilty','1534 Westend Street','bmcquilty3h@weibo.com'),(127,'Devon','Jaffra','8 Twin Pines Point','djaffra3i@prweb.com'),(128,'Maxie','Swaden','74 Sutherland Plaza','mswaden3j@home.pl'),(129,'Matthieu','Slowley','780 Judy Lane','mslowley3k@facebook.com'),(130,'Brice','Corradetti','8 Alpine Place','bcorradetti3l@slideshare.net'),(131,'Cherilyn','Jeffry','12014 Parkside Center','cjeffry3m@github.com'),(132,'Hedwiga','Deniset','646 Jenna Junction','hdeniset3n@ihg.com'),(133,'Carlene','Syms','34870 Karstens Park','csyms3o@edublogs.org'),(134,'Jamey','Chastelain','076 Clarendon Plaza','jchastelain3p@delicious.com'),(135,'Ingunna','Allner','1019 Ridgeview Terrace','iallner3q@fc2.com'),(136,'Thor','Batistelli','6279 Gerald Terrace','tbatistelli3r@people.com.cn'),(137,'Lilli','Sturdgess','07 Forest Dale Lane','lsturdgess3s@meetup.com'),(138,'Malinde','Dugald','6636 Cambridge Circle','mdugald3t@dmoz.org'),(139,'Felice','Early','88441 Sunbrook Center','fearly3u@samsung.com'),(140,'Georgeanna','Meuse','49463 Roxbury Plaza','gmeuse3v@nbcnews.com'),(141,'Irita','Crannell','47 Elka Alley','icrannell3w@dailymail.co.uk'),(142,'Jarid','Kempshall','4 Banding Junction','jkempshall3x@naver.com'),(143,'Meggi','Bartusek','0515 Weeping Birch Pass','mbartusek3y@skyrock.com'),(144,'Bernadene','Broseke','11938 Cordelia Court','bbroseke3z@census.gov'),(145,'Janela','Morrill','80544 Rockefeller Court','jmorrill40@oracle.com'),(146,'Selig','Gynn','7 Shelley Circle','sgynn41@sfgate.com'),(147,'Meridith','Lamp','80607 Norway Maple Crossing','mlamp42@paginegialle.it'),(148,'Titus','Disney','07116 Mendota Junction','tdisney43@pbs.org'),(149,'Kienan','Gosz','651 Westend Way','kgosz44@cisco.com'),(150,'Yolane','Hazel','4 Spenser Drive','yhazel45@wordpress.com'),(151,'Kristoforo','Noel','3597 Tomscot Alley','knoel46@e-recht24.de'),(152,'Emiline','Copplestone','54854 Bayside Circle','ecopplestone47@apple.com'),(153,'Cal','Trenam','0464 6th Trail','ctrenam48@mozilla.com'),(154,'Minor','Kamien','09233 Barnett Circle','mkamien49@netvibes.com'),(155,'Wallache','Geibel','4 Aberg Circle','wgeibel4a@nydailynews.com'),(156,'Marcille','Trevna','2 Brown Street','mtrevna4b@livejournal.com'),(157,'Cordy','Elstow','84 Fieldstone Avenue','celstow4c@gov.uk'),(158,'Liam','MacCracken','49 Hoffman Junction','lmaccracken4d@1und1.de'),(159,'Adolphe','Thomen','9 Reindahl Park','athomen4e@google.com.au'),(160,'Nessy','Ashman','687 Utah Point','nashman4f@theglobeandmail.com'),(161,'Gracie','Hollingshead','01544 Roxbury Center','ghollingshead4g@uol.com.br'),(162,'Lindsey','Lanktree','0 Eagan Park','llanktree4h@google.co.uk'),(163,'Meryl','Tootell','5 Morningstar Road','mtootell4i@uiuc.edu'),(164,'Halley','Sporner','21 Hazelcrest Street','hsporner4j@yandex.ru'),(165,'Micki','Stringfellow','7248 Village Crossing','mstringfellow4k@ocn.ne.jp'),(166,'Karee','Kilmurry','29 Sheridan Plaza','kkilmurry4l@apache.org'),(167,'Dorree','Baleine','39 Sundown Trail','dbaleine4m@go.com'),(168,'Fredelia','MacKissack','4 Arkansas Parkway','fmackissack4n@npr.org'),(169,'Megen','Avarne','9 Reinke Hill','mavarne4o@fotki.com'),(170,'Woodrow','Core','35809 South Plaza','wcore4p@oracle.com'),(171,'Andree','Kacheller','3 Sutherland Road','akacheller4q@360.cn'),(172,'Aubry','Beyn','6378 Meadow Ridge Street','abeyn4r@patch.com'),(173,'Marthena','Karpinski','57581 Redwing Center','mkarpinski4s@over-blog.com'),(174,'Gris','Huckerbe','11847 Monument Point','ghuckerbe4t@hexun.com'),(175,'Arden','Giorgetti','46 Hazelcrest Court','agiorgetti4u@4shared.com'),(176,'Angel','Fitchen','161 Northwestern Center','afitchen4v@phoca.cz'),(177,'Starlin','Ninotti','6084 Jenifer Place','sninotti4w@latimes.com'),(178,'Libbie','Hanretty','89062 Johnson Crossing','lhanretty4x@imdb.com'),(179,'Duncan','Hodjetts','217 Morning Circle','dhodjetts4y@walmart.com'),(180,'Warner','Whyborn','3774 Forest Run Parkway','wwhyborn4z@unicef.org'),(181,'Hamel','Blanking','03 Quincy Parkway','hblanking50@globo.com'),(182,'Dode','Pavelin','23743 Norway Maple Plaza','dpavelin51@behance.net'),(183,'Kerianne','Dewsbury','8483 Bayside Terrace','kdewsbury52@omniture.com'),(184,'Rosa','Strike','69 Dorton Center','rstrike53@sciencedaily.com'),(185,'Rahal','Moorhead','7 Warner Drive','rmoorhead54@si.edu'),(186,'Allistir','Younger','1 Bay Lane','ayounger55@vkontakte.ru'),(187,'Vin','Mattek','25 Kedzie Parkway','vmattek56@cnet.com'),(188,'Dicky','Yerrall','40474 Algoma Hill','dyerrall57@diigo.com'),(189,'Vicki','Stebbins','50597 Arizona Way','vstebbins58@pcworld.com'),(190,'Brandtr','Minshaw','5 Arkansas Junction','bminshaw59@chron.com'),(191,'Mariya','Dillinton','941 Hazelcrest Parkway','mdillinton5a@ezinearticles.com'),(192,'Sisely','Willoughey','4 Ridgeview Way','swilloughey5b@technorati.com'),(193,'Sher','Livoir','67149 Kinsman Pass','slivoir5c@google.it'),(194,'Allyson','Fisbey','9355 Gerald Center','afisbey5d@parallels.com'),(195,'Teri','Bault','825 Hanson Hill','tbault5e@msn.com'),(196,'Rhianna','Birtwell','0814 Amoth Place','rbirtwell5f@elpais.com'),(197,'Nola','McMenamie','3 Anthes Alley','nmcmenamie5g@zdnet.com'),(198,'Alwyn','Scoffins','861 Ryan Alley','ascoffins5h@nature.com'),(199,'Tobe','Brahams','217 Northview Drive','tbrahams5i@mail.ru'),(200,'Burch','Bettles','64 Valley Edge Crossing','bbettles5j@marriott.com'),(201,'Jordana','Norwood','45121 Farmco Road','jnorwood5k@hexun.com'),(202,'Willdon','Picheford','5953 Lyons Alley','wpicheford5l@google.cn'),(203,'Binni','Wagner','51958 Carioca Street','bwagner5m@pinterest.com'),(204,'Meyer','Fairbrass','53393 Hollow Ridge Center','mfairbrass5n@comsenz.com'),(205,'Nisse','Philcox','30428 Scott Road','nphilcox5o@sakura.ne.jp'),(206,'Ame','Tester','76707 Southridge Pass','atester5p@google.com.br'),(207,'Elvira','Paoletto','284 Golden Leaf Parkway','epaoletto5q@mlb.com'),(208,'Sibley','Clough','7 Westridge Trail','sclough5r@state.tx.us'),(209,'Constantin','Brunesco','7678 Northport Street','cbrunesco5s@engadget.com'),(210,'Anthea','Grono','9814 Fairfield Road','agrono5t@auda.org.au'),(211,'Jenni','Marjanovic','08 Forest Run Trail','jmarjanovic5u@fema.gov'),(212,'Geoff','Parfrey','477 Mosinee Junction','gparfrey5v@livejournal.com'),(213,'Dottie','Roussell','20 Evergreen Park','droussell5w@vk.com'),(214,'Patrizia','Yurov','8035 Daystar Street','pyurov5x@illinois.edu'),(215,'Gwyn','Ivermee','94908 8th Place','givermee5y@sun.com'),(216,'Latrina','Peizer','54 Dexter Place','lpeizer5z@smugmug.com'),(217,'Sigfrid','Rodmell','3 Killdeer Road','srodmell60@columbia.edu'),(218,'Frayda','Akroyd','48 Golf View Trail','fakroyd61@goodreads.com'),(219,'Tandy','Betonia','046 Service Avenue','tbetonia62@telegraph.co.uk'),(220,'Birdie','Pau','42364 Oneill Parkway','bpau63@boston.com'),(221,'Fons','Meyer','570 Oakridge Crossing','fmeyer64@symantec.com'),(222,'Chicky','Philbin','7483 Hagan Pass','cphilbin65@google.fr'),(223,'Dallas','Lydiatt','153 Quincy Crossing','dlydiatt66@wunderground.com'),(224,'Ewell','Le Marquand','60 Lakewood Place','elemarquand67@ca.gov'),(225,'Esme','Cullnean','30483 Moulton Circle','ecullnean68@diigo.com'),(226,'Any','Eyre','99 Maple Wood Center','aeyre69@msn.com'),(227,'Lorettalorna','Juckes','185 Morrow Terrace','ljuckes6a@macromedia.com'),(228,'Kip','Roantree','5 Westridge Alley','kroantree6b@vimeo.com'),(229,'Meggi','Torra','265 Dunning Street','mtorra6c@quantcast.com'),(230,'Phillipe','Neville','62440 Gina Terrace','pneville6d@taobao.com'),(231,'Alyson','Tracey','427 Carioca Trail','atracey6e@infoseek.co.jp'),(232,'Jena','Wackly','2985 Havey Pass','jwackly6f@bloomberg.com'),(233,'Desirae','Golde','56862 Forest Parkway','dgolde6g@dot.gov'),(234,'Helli','Andrivel','254 Ramsey Way','handrivel6h@patch.com'),(235,'Betteanne','Lilburn','1408 Swallow Plaza','blilburn6i@fotki.com'),(236,'Gerri','Droghan','316 Pawling Crossing','gdroghan6j@github.com'),(237,'Pinchas','Lockett','7 Southridge Junction','plockett6k@xinhuanet.com'),(238,'Donavon','Venneur','8201 Schmedeman Pass','dvenneur6l@uol.com.br'),(239,'Hashim','Mulvin','40696 Summer Ridge Center','hmulvin6m@redcross.org'),(240,'Birgitta','Roughsedge','864 Crownhardt Parkway','broughsedge6n@i2i.jp'),(241,'Paddie','Shaudfurth','621 Continental Junction','pshaudfurth6o@slate.com'),(242,'Giorgi','Summergill','431 Fuller Pass','gsummergill6p@eventbrite.com'),(243,'Tadeas','Maxsted','279 Stuart Drive','tmaxsted6q@vimeo.com'),(244,'Jordan','Antoniutti','2 Sheridan Alley','jantoniutti6r@oakley.com'),(245,'Roxie','Bakeup','73115 Aberg Lane','rbakeup6s@canalblog.com'),(246,'Patrice','MacVanamy','310 Sutteridge Place','pmacvanamy6t@wiley.com'),(247,'Roarke','Loffel','33 Moose Terrace','rloffel6u@shutterfly.com'),(248,'Harbert','McRae','3926 Troy Center','hmcrae6v@who.int'),(249,'Elsi','Sloss','63 Holmberg Lane','esloss6w@pagesperso-orange.fr'),(250,'Isaiah','Kaysor','0 4th Trail','ikaysor6x@wp.com'),(251,'Stormy','Corgenvin','0920 Farwell Drive','scorgenvin6y@google.pl'),(252,'Frederick','Livett','3 Lawn Park','flivett6z@newyorker.com'),(253,'Cash','Pinsent','4978 Fordem Hill','cpinsent70@berkeley.edu'),(254,'Melesa','Dingley','9912 Crownhardt Lane','mdingley71@sogou.com'),(255,'Otis','Ainsworth','815 Chive Crossing','oainsworth72@hostgator.com'),(256,'Lorilyn','Tarpey','7237 Bunker Hill Way','ltarpey73@exblog.jp'),(257,'Orbadiah','O\' Mullane','96 Sullivan Plaza','oomullane74@mit.edu'),(258,'Nichole','Tourville','7207 Hayes Place','ntourville75@bbb.org'),(259,'Grete','McRae','99 Calypso Avenue','gmcrae76@w3.org'),(260,'Diane-marie','Fessions','227 Merrick Junction','dfessions77@prlog.org'),(261,'Monah','Foldes','61193 Wayridge Parkway','mfoldes78@weather.com'),(262,'Thorpe','Penrose','8104 Anniversary Plaza','tpenrose79@over-blog.com'),(263,'Eloisa','Waldron','48 Northland Parkway','ewaldron7a@tamu.edu'),(264,'Fredric','Ashlin','56 Badeau Way','fashlin7b@mail.ru'),(265,'Joleen','Seery','69353 Elmside Trail','jseery7c@nyu.edu'),(266,'Obediah','Swains','9 Straubel Lane','oswains7d@businesswire.com'),(267,'Odilia','Nottingham','47569 Buena Vista Hill','onottingham7e@comcast.net'),(268,'Alix','Baumer','34146 Esch Court','abaumer7f@gov.uk'),(269,'Alix','Lucus','096 Myrtle Terrace','alucus7g@washington.edu'),(270,'Arlene','Weir','80453 Montana Junction','aweir7h@infoseek.co.jp'),(271,'Maiga','Mosedale','83089 Forest Dale Pass','mmosedale7i@woothemes.com'),(272,'Maynord','Roth','98 5th Parkway','mroth7j@ifeng.com'),(273,'Mayer','Dorracott','05965 Center Street','mdorracott7k@businessweek.com'),(274,'Brett','Odgers','82121 Straubel Street','bodgers7l@alexa.com'),(275,'Barth','Stansall','04 Dwight Crossing','bstansall7m@miibeian.gov.cn'),(276,'Ingeborg','Tranckle','4 Bartelt Alley','itranckle7n@alibaba.com'),(277,'Ilene','Drummer','68 Corry Parkway','idrummer7o@macromedia.com'),(278,'Roseanna','Franc','4 Mcbride Circle','rfranc7p@cornell.edu'),(279,'Nathanial','Deschlein','12196 Sugar Pass','ndeschlein7q@howstuffworks.com'),(280,'Elena','Leavens','55806 Steensland Road','eleavens7r@seattletimes.com'),(281,'Alysia','Rizzi','2 Mitchell Circle','arizzi7s@moonfruit.com'),(282,'Regina','Mingauld','44638 Dapin Plaza','rmingauld7t@army.mil'),(283,'Mahmud','Lamzed','533 Leroy Junction','mlamzed7u@mapquest.com'),(284,'Jessey','Lewer','20117 Bellgrove Plaza','jlewer7v@jigsy.com'),(285,'Vi','Ginity','30176 Claremont Hill','vginity7w@pen.io'),(286,'Ronald','Troop','7859 Sunbrook Circle','rtroop7x@umich.edu'),(287,'Tull','Girardey','220 Derek Crossing','tgirardey7y@live.com'),(288,'Tiphanie','Grabiec','28325 Sutherland Court','tgrabiec7z@histats.com'),(289,'Abagael','Shinfield','017 Ronald Regan Lane','ashinfield80@csmonitor.com'),(290,'Laurette','Tollett','2783 Warbler Way','ltollett81@wp.com'),(291,'Tracey','Fieldgate','0813 Meadow Valley Way','tfieldgate82@themeforest.net'),(292,'Aubine','Hanrott','4264 Shoshone Park','ahanrott83@topsy.com'),(293,'Jamill','Eadmeads','153 Corben Crossing','jeadmeads84@jiathis.com'),(294,'Leigh','Lorryman','64815 Prentice Circle','llorryman85@nytimes.com'),(295,'Roberta','Manifold','642 Kensington Street','rmanifold86@prweb.com'),(296,'Noami','Beldham','09 Anhalt Way','nbeldham87@amazonaws.com'),(297,'Reece','De Andreis','8 Lakeland Pass','rdeandreis88@infoseek.co.jp'),(298,'Pat','Tompkins','5160 Dwight Parkway','ptompkins89@ycombinator.com'),(299,'Tallou','Zack','88452 Loftsgordon Lane','tzack8a@vkontakte.ru'),(300,'Kris','Itzakovitz','072 Susan Lane','kitzakovitz8b@imdb.com'),(301,'Rafa','Bon','6 Hauk Trail','rbon8c@imdb.com'),(302,'Derek','Wileman','96642 Hauk Drive','dwileman8d@pinterest.com'),(303,'Marge','Ebi','3144 8th Parkway','mebi8e@jalbum.net'),(304,'Jack','Oboy','498 Blackbird Place','joboy8f@sciencedirect.com'),(305,'Matthus','Scoterbosh','0 Messerschmidt Crossing','mscoterbosh8g@ameblo.jp'),(306,'Tammy','Burgwin','6765 Mandrake Crossing','tburgwin8h@scientificamerican.com'),(307,'Janice','Bonsul','81464 Elmside Drive','jbonsul8i@umich.edu'),(308,'Morgun','Butter','9 Summit Junction','mbutter8j@hexun.com'),(309,'Brigitta','Allery','4014 American Ash Circle','ballery8k@artisteer.com'),(310,'Lora','Kirkup','291 Saint Paul Plaza','lkirkup8l@buzzfeed.com'),(311,'Ferguson','Savatier','5727 Pleasure Drive','fsavatier8m@bloomberg.com'),(312,'Harri','Scholey','8 Sommers Place','hscholey8n@msu.edu'),(313,'Cory','Sleney','1 Erie Hill','csleney8o@scribd.com'),(314,'Rolando','Lyfield','4 Rusk Place','rlyfield8p@smh.com.au'),(315,'Sharlene','Lock','859 Weeping Birch Center','slock8q@woothemes.com'),(316,'Daria','Ferriere','80 Morning Pass','dferriere8r@nationalgeographic.com'),(317,'Sauncho','Brownett','23095 Harbort Trail','sbrownett8s@istockphoto.com'),(318,'Izaak','Mallord','92 Crowley Street','imallord8t@soundcloud.com'),(319,'Tiertza','Guiu','7599 Badeau Terrace','tguiu8u@amazonaws.com'),(320,'Jonathan','Abelson','82 Milwaukee Road','jabelson8v@netvibes.com'),(321,'Jacqui','Raecroft','24 Victoria Way','jraecroft8w@jalbum.net'),(322,'Denny','Terbruggen','8284 Bay Trail','dterbruggen8x@gmpg.org'),(323,'Mario','McCourtie','844 Westerfield Center','mmccourtie8y@newyorker.com'),(324,'Alicea','Shirtliff','0 Walton Pass','ashirtliff8z@tmall.com'),(325,'Sergio','Grichukhin','452 Eggendart Court','sgrichukhin90@drupal.org'),(326,'Rozamond','Merkle','017 Eastlawn Drive','rmerkle91@joomla.org'),(327,'Colin','Bulpitt','115 Hollow Ridge Point','cbulpitt92@dagondesign.com'),(328,'Astrid','Meak','91897 Lindbergh Way','ameak93@ca.gov'),(329,'Kristoffer','Andreassen','85 Comanche Court','kandreassen94@ocn.ne.jp'),(330,'Roselin','Delmonti','84 Fisk Park','rdelmonti95@abc.net.au'),(331,'Allie','Gyngell','566 Lien Circle','agyngell96@xing.com'),(332,'Molli','Carnduff','7509 Surrey Way','mcarnduff97@freewebs.com'),(333,'Oliy','Jahncke','5 Crest Line Crossing','ojahncke98@shareasale.com'),(334,'Gussy','Ansett','6 Summit Alley','gansett99@foxnews.com'),(335,'Lissi','Sibray','401 Larry Place','lsibray9a@friendfeed.com'),(336,'Conrade','Dufton','142 Bashford Parkway','cdufton9b@printfriendly.com'),(337,'Olag','Darrach','744 American Terrace','odarrach9c@nps.gov'),(338,'Worth','Lester','106 Lunder Park','wlester9d@elpais.com'),(339,'Celinda','Ziemsen','52416 Coleman Plaza','cziemsen9e@over-blog.com'),(340,'Mersey','Brierly','7253 Browning Parkway','mbrierly9f@tumblr.com'),(341,'Marilee','Tolussi','0 Onsgard Drive','mtolussi9g@tuttocitta.it'),(342,'Diego','Dennert','118 Buell Terrace','ddennert9h@w3.org'),(343,'Rubin','Sheldrick','9327 Fair Oaks Lane','rsheldrick9i@blogspot.com'),(344,'Kelbee','Terran','1353 Orin Road','kterran9j@hexun.com'),(345,'Etty','Dosdill','010 Becker Court','edosdill9k@cbsnews.com'),(346,'Minda','Izaac','3 Bluejay Junction','mizaac9l@forbes.com'),(347,'Kermy','Birckmann','25 Pleasure Parkway','kbirckmann9m@abc.net.au'),(348,'Mechelle','Brunn','429 Emmet Lane','mbrunn9n@cmu.edu'),(349,'Kettie','McKennan','46964 Darwin Alley','kmckennan9o@themeforest.net'),(350,'Randie','Stive','23 Forest Dale Plaza','rstive9p@prlog.org'),(351,'Booth','Battisson','15 Cardinal Pass','bbattisson9q@freewebs.com'),(352,'Marget','Huskisson','1001 Ronald Regan Court','mhuskisson9r@guardian.co.uk'),(353,'Josephina','Alty','2 Huxley Crossing','jalty9s@dailymail.co.uk'),(354,'Gracie','Roskruge','5683 Lakewood Gardens Lane','groskruge9t@addtoany.com'),(355,'Lorne','Stiddard','54 Anthes Place','lstiddard9u@ow.ly'),(356,'Bondy','Fynes','9 Clarendon Parkway','bfynes9v@youtube.com'),(357,'Jeddy','Davenport','548 Russell Street','jdavenport9w@about.com'),(358,'Lek','Sweeney','27447 Myrtle Lane','lsweeney9x@de.vu'),(359,'Brett','Saiz','40 Magdeline Drive','bsaiz9y@squarespace.com'),(360,'Evvie','Nalder','82628 Elgar Road','enalder9z@eepurl.com'),(361,'Kirk','Joscelin','2 Pierstorff Lane','kjoscelina0@timesonline.co.uk'),(362,'Clarance','Jewitt','4436 Westport Court','cjewitta1@github.com'),(363,'Lexi','Caplen','58 Morrow Terrace','lcaplena2@hubpages.com'),(364,'Joan','Pigney','57665 Claremont Drive','jpigneya3@google.fr'),(365,'Valina','Mendez','1197 Vera Park','vmendeza4@trellian.com'),(366,'Jessa','Edmonston','48840 Bonner Junction','jedmonstona5@psu.edu'),(367,'Giffer','Randleson','7338 Orin Park','grandlesona6@hibu.com'),(368,'Hube','Gusticke','8 Emmet Center','hgustickea7@booking.com'),(369,'Rhys','Waind','7765 Swallow Place','rwainda8@who.int'),(370,'Lanna','Lusher','63428 Loftsgordon Trail','llushera9@jimdo.com'),(371,'Dun','Giovanazzi','6 Judy Plaza','dgiovanazziaa@github.com'),(372,'Carlina','Beeho','1577 Prentice Point','cbeehoab@weibo.com'),(373,'Thomasina','Brokenshaw','9052 Elmside Court','tbrokenshawac@cdc.gov'),(374,'Wanids','Davidovich','16 Summer Ridge Road','wdavidovichad@nsw.gov.au'),(375,'Rickie','Fairs','132 Spohn Center','rfairsae@rambler.ru'),(376,'Jilleen','Bernardy','34558 School Drive','jbernardyaf@woothemes.com'),(377,'Nicolle','Kuhnwald','026 Florence Drive','nkuhnwaldag@dion.ne.jp'),(378,'Timothea','Lidster','5 4th Junction','tlidsterah@slate.com'),(379,'Zebulen','Peterkin','70 Paget Parkway','zpeterkinai@wsj.com'),(380,'Melantha','Scheffler','369 Banding Center','mscheffleraj@army.mil'),(381,'Beauregard','Margeram','43 Hanson Court','bmargeramak@privacy.gov.au'),(382,'Onfre','Loughlin','5 Debs Terrace','oloughlinal@usatoday.com'),(383,'Adolphus','Treadway','17 Jackson Terrace','atreadwayam@soundcloud.com'),(384,'Dalenna','Jeffs','8133 Welch Place','djeffsan@usnews.com'),(385,'Tonnie','Fishpoole','5 Springs Terrace','tfishpooleao@wiley.com'),(386,'Hedvig','Haly','15484 Quincy Drive','hhalyap@eventbrite.com'),(387,'Beulah','Makeswell','03349 Anhalt Drive','bmakeswellaq@ehow.com'),(388,'Kippy','Corkill','57 Fordem Trail','kcorkillar@tamu.edu'),(389,'Melvin','Santacrole','82 East Hill','msantacroleas@google.com'),(390,'Chaunce','Bortolussi','8797 Manley Point','cbortolussiat@miitbeian.gov.cn'),(391,'Karen','Zimmermeister','347 Dapin Hill','kzimmermeisterau@google.it'),(392,'Wright','Camelli','89 Donald Circle','wcamelliav@vk.com'),(393,'Athena','Clayson','2939 Elka Point','aclaysonaw@discuz.net'),(394,'Tommie','Rushmer','18 Vidon Way','trushmerax@surveymonkey.com'),(395,'Lem','Du Plantier','40 Bultman Way','lduplantieray@joomla.org'),(396,'Finlay','Jura','3019 John Wall Plaza','fjuraaz@reverbnation.com'),(397,'Jeffry','Bohey','57954 Cardinal Trail','jboheyb0@4shared.com'),(398,'Winonah','Blindermann','83 Moulton Parkway','wblindermannb1@ed.gov'),(399,'Alfy','Bruckent','40 Dahle Plaza','abruckentb2@hostgator.com'),(400,'Kit','Draye','28144 Rockefeller Avenue','kdrayeb3@facebook.com'),(401,'Lorrin','Machan','2 Prairie Rose Terrace','lmachanb4@prweb.com'),(402,'Fae','Swansbury','654 Melvin Pass','fswansburyb5@sfgate.com'),(403,'Joelynn','Gillyatt','621 Canary Avenue','jgillyattb6@princeton.edu'),(404,'Eugenio','Dimbleby','452 Donald Drive','edimblebyb7@sohu.com'),(405,'Dodi','Larrat','6 Saint Paul Way','dlarratb8@last.fm'),(406,'Frasco','Lardez','0299 Kedzie Alley','flardezb9@soup.io'),(407,'Odette','Sakins','95 Heath Lane','osakinsba@reuters.com'),(408,'Adina','Freda','97 Washington Drive','afredabb@oracle.com'),(409,'Lolita','Eginton','75312 Hovde Avenue','legintonbc@weebly.com'),(410,'Bianka','Nise','76837 Kipling Crossing','bnisebd@guardian.co.uk'),(411,'Janos','Dabbs','9678 Meadow Valley Lane','jdabbsbe@time.com'),(412,'Dalli','Lingwood','08 Utah Way','dlingwoodbf@shop-pro.jp'),(413,'Gaylene','Stracey','98 Golden Leaf Avenue','gstraceybg@washington.edu'),(414,'Deanna','Galbraeth','94287 Debs Center','dgalbraethbh@indiegogo.com'),(415,'Adair','Stephens','0188 Main Alley','astephensbi@amazonaws.com'),(416,'Ferne','Quinion','734 Swallow Avenue','fquinionbj@statcounter.com'),(417,'Carmelita','Bretland','70808 West Pass','cbretlandbk@ucsd.edu'),(418,'Inglis','Guise','8 Monterey Point','iguisebl@mapquest.com'),(419,'Wallis','Kohlerman','6 Hudson Circle','wkohlermanbm@weebly.com'),(420,'Chadwick','Antonoczyk','491 Cherokee Way','cantonoczykbn@reference.com'),(421,'Jacynth','Bedinn','10 Morrow Hill','jbedinnbo@microsoft.com'),(422,'Clo','Janes','9451 Texas Lane','cjanesbp@imdb.com'),(423,'Jinny','Arnely','554 Jackson Pass','jarnelybq@google.de'),(424,'Baldwin','Szymanowicz','73 Carey Center','bszymanowiczbr@jiathis.com'),(425,'Cristiano','Alster','87 Rusk Plaza','calsterbs@unblog.fr'),(426,'Tildi','Windross','49729 Mcbride Point','twindrossbt@answers.com'),(427,'Franchot','Stivey','11704 Upham Alley','fstiveybu@youtu.be'),(428,'Jacquette','Neylon','37804 Arapahoe Junction','jneylonbv@fc2.com'),(429,'Linnet','Jurs','71 La Follette Parkway','ljursbw@shutterfly.com'),(430,'Diena','Golston','87 Sauthoff Trail','dgolstonbx@nbcnews.com'),(431,'Emelita','Bidewell','7904 Vidon Hill','ebidewellby@gov.uk'),(432,'Sydel','Buckleigh','41692 Lindbergh Court','sbuckleighbz@networksolutions.com'),(433,'Trevar','Cattermull','77 Nelson Trail','tcattermullc0@msu.edu'),(434,'Hesther','Jerosch','6 Magdeline Park','hjeroschc1@tamu.edu'),(435,'Blondy','Hollingby','96384 Oak Valley Center','bhollingbyc2@economist.com'),(436,'Artur','Brunger','5 Dayton Pass','abrungerc3@symantec.com'),(437,'Clemmy','Espinay','402 Milwaukee Place','cespinayc4@mysql.com'),(438,'Geri','Pawelski','32 Oak Valley Trail','gpawelskic5@edublogs.org'),(439,'Caressa','Dungay','2874 Beilfuss Plaza','cdungayc6@canalblog.com'),(440,'Tarra','Raiston','12 Hudson Street','traistonc7@gravatar.com'),(441,'Delila','Studders','468 Kingsford Junction','dstuddersc8@sfgate.com'),(442,'Marita','Marling','319 Lakewood Street','mmarlingc9@auda.org.au'),(443,'Violetta','Toderini','3283 Oneill Terrace','vtoderinica@amazonaws.com'),(444,'Chad','Jaan','5366 Gerald Parkway','cjaancb@oaic.gov.au'),(445,'Edan','Andreev','041 Merchant Park','eandreevcc@cbslocal.com'),(446,'Marlow','Matyja','7198 Onsgard Crossing','mmatyjacd@wikia.com'),(447,'Gwen','Tott','59729 Grasskamp Road','gtottce@uol.com.br'),(448,'Jilli','Cunniam','08030 Chinook Center','jcunniamcf@plala.or.jp'),(449,'Kameko','Crowcroft','43801 Anthes Parkway','kcrowcroftcg@indiatimes.com'),(450,'Ware','De Vere','069 Forster Lane','wdeverech@edublogs.org'),(451,'Garrett','Ohlsen','84418 Armistice Circle','gohlsenci@jimdo.com'),(452,'Ranice','De Mitris','7 Duke Road','rdemitriscj@springer.com'),(453,'Jeffie','Mumbray','87227 Warbler Drive','jmumbrayck@ihg.com'),(454,'Jordanna','Laidler','75628 Corben Center','jlaidlercl@smugmug.com'),(455,'Abran','Brummell','03 Thackeray Drive','abrummellcm@hugedomains.com'),(456,'Richard','Klauber','60 Blue Bill Park Pass','rklaubercn@wunderground.com'),(457,'Patton','Ranahan','6 East Crossing','pranahanco@homestead.com'),(458,'Rhiamon','Eversfield','9070 Novick Park','reversfieldcp@washingtonpost.com'),(459,'Dixie','Bevis','93 Heath Hill','dbeviscq@storify.com'),(460,'Simeon','Talmadge','49 Columbus Alley','stalmadgecr@hubpages.com'),(461,'Abigail','Boord','76 International Street','aboordcs@hhs.gov'),(462,'Scarlet','Bould','428 Eastwood Alley','sbouldct@sogou.com'),(463,'Niko','Havick','59 Kedzie Crossing','nhavickcu@mtv.com'),(464,'Vida','Mitchall','8816 3rd Circle','vmitchallcv@tmall.com'),(465,'Algernon','Betancourt','19 Dennis Park','abetancourtcw@delicious.com'),(466,'Glenn','Gluyus','8521 Crowley Way','ggluyuscx@cargocollective.com'),(467,'Shanon','Samsonsen','8 Mcbride Hill','ssamsonsency@spotify.com'),(468,'Tabb','Cutten','11 Schurz Park','tcuttencz@constantcontact.com'),(469,'Karry','Dadley','84677 Tomscot Lane','kdadleyd0@comsenz.com'),(470,'Brocky','Lief','7316 Hovde Way','bliefd1@goo.ne.jp'),(471,'Hill','Nutbeam','60554 Talisman Street','hnutbeamd2@blinklist.com'),(472,'Marianne','Crispin','0 Service Trail','mcrispind3@goo.ne.jp'),(473,'Bary','Fourcade','10 Bartelt Way','bfourcaded4@miitbeian.gov.cn'),(474,'Dorthea','Blazewski','2 Lyons Place','dblazewskid5@blogs.com'),(475,'Ania','Coggen','80702 Green Ridge Plaza','acoggend6@yahoo.com'),(476,'Daven','McPhelim','10 Village Pass','dmcphelimd7@bandcamp.com'),(477,'Joli','Klulisek','99146 Prairieview Court','jklulisekd8@adobe.com'),(478,'Paola','Fairfoot','090 Cherokee Pass','pfairfootd9@intel.com'),(479,'Jethro','Kitney','2197 8th Junction','jkitneyda@xrea.com'),(480,'Emelyne','Misken','19182 Buell Terrace','emiskendb@cyberchimps.com'),(481,'Natty','Lodo','857 Lillian Crossing','nlododc@php.net'),(482,'Carrie','MacNelly','69 Dayton Plaza','cmacnellydd@acquirethisname.com'),(483,'Edgar','Knoton','53 Spohn Pass','eknotonde@upenn.edu'),(484,'Nichole','Iggo','5953 Drewry Court','niggodf@t-online.de'),(485,'Vincenz','Blazhevich','07433 High Crossing Road','vblazhevichdg@businessinsider.com'),(486,'Angelica','Rankin','3 Lakewood Gardens Point','arankindh@qq.com'),(487,'Jessie','Helks','7249 Sundown Parkway','jhelksdi@theglobeandmail.com'),(488,'Pavla','Durrett','78 Division Alley','pdurrettdj@biblegateway.com'),(489,'Georas','Cyphus','04928 Starling Crossing','gcyphusdk@mediafire.com'),(490,'Nikolas','Roadknight','12 Merchant Parkway','nroadknightdl@usda.gov'),(491,'Maible','Lindback','8598 Declaration Circle','mlindbackdm@howstuffworks.com'),(492,'Minne','Yurocjhin','94499 Northfield Road','myurocjhindn@nature.com'),(493,'Margo','Sandifer','2784 Village Drive','msandiferdo@devhub.com'),(494,'Noellyn','Gianotti','608 Summit Circle','ngianottidp@wunderground.com'),(495,'Randee','Snowling','3941 Hanover Court','rsnowlingdq@google.com'),(496,'Irina','Kuhnert','091 Oneill Alley','ikuhnertdr@amazonaws.com'),(497,'Simonette','Furmagier','37778 Mccormick Street','sfurmagierds@altervista.org'),(498,'Marthena','Walklot','6 Luster Point','mwalklotdt@cpanel.net'),(499,'Marice','Allinson','96 Superior Place','mallinsondu@eepurl.com'),(500,'Barbie','Sacks','14 Schmedeman Plaza','bsacksdv@github.com');
/*!40000 ALTER TABLE `Klanten` ENABLE KEYS */;
UNLOCK TABLES;

--
-- Table structure for table `Verhuringen`
--

DROP TABLE IF EXISTS `Verhuringen`;
/*!40101 SET @saved_cs_client     = @@character_set_client */;
/*!50503 SET character_set_client = utf8mb4 */;
CREATE TABLE `Verhuringen` (
  `Films_Id` int NOT NULL,
  `Klanten_Id` int NOT NULL,
  `Id` int NOT NULL AUTO_INCREMENT,
  `Startdatum` date NOT NULL,
  `Einddatum` date DEFAULT NULL,
  PRIMARY KEY (`Id`),
  KEY `fk_Films_has_Klanten_Klanten1_idx` (`Klanten_Id`),
  KEY `fk_Films_has_Klanten_Films1_idx` (`Films_Id`),
  CONSTRAINT `fk_Verhuringen_Films` FOREIGN KEY (`Films_Id`) REFERENCES `Films` (`Id`),
  CONSTRAINT `fk_Verhuringen_Klanten` FOREIGN KEY (`Klanten_Id`) REFERENCES `Klanten` (`Id`)
) ENGINE=InnoDB AUTO_INCREMENT=4 DEFAULT CHARSET=utf8mb4 COLLATE=utf8mb4_0900_ai_ci;
/*!40101 SET character_set_client = @saved_cs_client */;

--
-- Dumping data for table `Verhuringen`
--

LOCK TABLES `Verhuringen` WRITE;
/*!40000 ALTER TABLE `Verhuringen` DISABLE KEYS */;
INSERT INTO `Verhuringen` VALUES (1,1,1,'2022-06-17',NULL),(5,3,2,'2010-02-04','2010-02-11'),(5,4,3,'2010-02-14',NULL);
/*!40000 ALTER TABLE `Verhuringen` ENABLE KEYS */;
UNLOCK TABLES;
/*!40103 SET TIME_ZONE=@OLD_TIME_ZONE */;

/*!40101 SET SQL_MODE=@OLD_SQL_MODE */;
/*!40014 SET FOREIGN_KEY_CHECKS=@OLD_FOREIGN_KEY_CHECKS */;
/*!40014 SET UNIQUE_CHECKS=@OLD_UNIQUE_CHECKS */;
/*!40101 SET CHARACTER_SET_CLIENT=@OLD_CHARACTER_SET_CLIENT */;
/*!40101 SET CHARACTER_SET_RESULTS=@OLD_CHARACTER_SET_RESULTS */;
/*!40101 SET COLLATION_CONNECTION=@OLD_COLLATION_CONNECTION */;
/*!40111 SET SQL_NOTES=@OLD_SQL_NOTES */;

-- Dump completed on 2023-05-31 18:34:45
































































































